^/?cat_ID=16$;/en/;
^/?page_id=18$;/en/;
^/?page_id=22$;/en/;
^/?page_id=6520$;/en/;
^/?page_id=6524$;/en/;
^/?page_id=6604$;/en/;
^/arava-cost-at-costco$;/en/;
^/arava-online-fast-shipping$;/en/;
^/arava-opakowanie-30-sztuk$;/en/;
^/arava-store-in-philippines$;/en/;
^/brand-arava-online-pharmacy$;/en/;
^/brand-epivir-online-pharmacy$;/en/;
^/brand-prozac-online-pharmacy$;/en/;
^/buy-arava-online-reviews$;/en/;
^/buy-ornidazole-online-reviews$;/en/;
^/cheap-cipla-epivir$;/en/;
^/epivir-10-lu$;/en/;
^/epivir-dose-10-or-20$;/en/;
^/epivir-online-fast-shipping$;/en/;
^/epivir-online-originale$;/en/;
^/harga-voltaren-emulgel-80$;/en/;
^/illegal-order-voltaren-emulgel-online$;/en/;
^/mail-order-pharmacy-arava$;/en/;
^/mail-order-pharmacy-epivir$;/en/;
^/order-arava-safely-online$;/en/;
^/order-cs-prozac$;/en/;
^/order-epivir-safely-online$;/en/;
^/order-ornidazole-safely-online$;/en/;
^/ornidazole-online-fast-shipping$;/en/;
^/ornidazole-online-originale$;/en/;
^/price-check-epivir$;/en/;
^/price-check-voltaren-emulgel$;/en/;
^/privacy$;/en/;
^/prozac-cost-at-costco$;/en/;
^/prozac-dose-10-or-20$;/en/;
^/purchase-discount-arava-online$;/en/;
^/purchase-discount-voltaren-emulgel-online$;/en/;
^/voltaren-emulgel-dose-10-or-20$;/en/;
^/voltaren-emulgel-store-in-philippines$;/en/;
^/walmart-pricing-for-epivir$;/en/;
^/walmart-pricing-for-prozac$;/en/;
^/where-to-buy-ornidazole-pattaya$;/en/;
^/wp-login.php$;/en/;
^/air-ocean-cargo-2/$;/en/;
^/es/$;/en/;
^/login/$;/en/;
^/es/(.*)$;/en/;
^/privacy/$;/en/;
^/pt-pt/$;/en/;
^/pt-pt/(.*)$;/en/;
^/registration/$;/en/;
^/zh-hant/$;/en/;
^/zh-hant/(.*)$;/en/;
^/azienda/$;/it/pages/company;
^/il-team/$;/it/pages/company;
^/rappresentanza-fiscale/$;/it/pages/company;
^/sedi/$;/it/pages/company;
^/we-love-olimpia/$;/it/pages/company;
^/contatti/$;/it/pages/contacts;
^/lavora-con-noi/$;/it/pages/work-with-us;
^/creativita-e-talento/$;/it/services/;
^/servizi/$;/it/services/;
^/sicurezza/$;/it/services/;
^/dogana/$;/it/services/international-shipping;
^/spedizioni-internazionali/$;/it/services/international-shipping;
^/logistica-integrata/$;/it/services/logistics-quality-control;
^/made-italy/$;/it/services/tailor-made-solutions;
^/distribuzione/$;/it/solutions/;
^/candida-auto/$;/it/solutions/electronics;
^/author/aoc_admin/$;/en/;
^/category/posizioni-aperte/$;/en/;
^/en/login/$;/en/;
^/en/azienda/$;/en/pages/company;
^/en/contatti/$;/en/pages/contacts;
^/en/creativita-e-talento/$;/en/services/;
^/en/distribuzione/$;/en/solutions/;
^/en/dogana/$;/en/services/international-shipping;
^/en/il-team/$;/en/pages/company;
^/en/lavora-con-noi/$;/it/pages/work-with-us;
^/en/logistica-integrata/$;/en/services/logistics-quality-control;
^/en/made-italy/$;/en/services/tailor-made-solutions;
^/en/privacy/$;/en/pages/company;
^/en/rappresentanza-fiscale/$;/en/pages/company;
^/en/registration/$;/en/;
^/en/sedi/$;/en/pages/company;
^/en/servizi/$;/en/services/;
^/en/sicurezza/$;/en/services/;
^/en/spedizioni-internazionali/$;/en/services/international-shipping;
^/en/we-love-olimpia/$;/en/pages/company;